Rank,CIPCODE,CTOTALT,CIPDESC
1,24.01,1372687,"Liberal Arts and Sciences, General Studies and Humanities."
2,52.02,859535,"Business Administration, Management and Operations."
3,51.38,605152,"Registered Nursing, Nursing Administration, Nursing Research and Clinical Nursing."
4,42.01,251186,"Psychology, General."
5,11.01,202287,"Computer and Information Sciences, General."
6,12.04,174054,Cosmetology and Related Personal Grooming Services.
7,26.01,147082,"Biology, General."
8,51.39,142295,"Practical Nursing, Vocational Nursing and Nursing Assistants."
9,11.07,139717,Computer Science.
10,43.01,139313,Criminal Justice and Corrections.
11,13.12,132115,"Teacher Education and Professional Development, Specific Levels and Methods."
12,51.07,121394,Health and Medical Administrative Services.
13,52.13,120320,Management Sciences and Quantitative Methods.
14,51.08,100999,Allied Health and Medical Assisting Services.
15,52.08,100818,Finance and Financial Management Services.
16,47.06,98954,Vehicle Maintenance and Repair Technologies/Technicians.
17,52.01,97340,"Business/Commerce, General."
18,44.07,92290,Social Work.
19,52.03,85015,Accounting and Related Services.
20,22.01,79452,Law.
21,48.05,79315,Precision Metal Working.
22,31.05,77744,Health and Physical Education/Fitness.
23,14.19,72831,Mechanical Engineering.
24,52.14,68625,Marketing.
25,51.09,67706,"Allied Health Diagnostic, Intervention, and Treatment Professions."
26,51.22,64707,Public Health.
27,45.06,64635,Economics.
28,30.01,57642,Biological and Physical Sciences.
29,51.12,57417,Medicine.
30,49.02,51535,Ground Transportation.
31,30.99,50594,"Multi/Interdisciplinary Studies, Other."
32,42.28,48321,"Clinical, Counseling and Applied Psychology."
33,13.04,38655,Educational Administration and Supervision.
34,42.27,37989,Research and Experimental Psychology.
35,46.03,34183,Electrical and Power Transmission Installers.
36,11.04,34088,Information Science/Studies.
37,19.07,32928,"Human Development, Family Studies, and Related Services."
38,13.13,32401,"Teacher Education and Professional Development, Specific Subject Areas."
39,45.01,31364,"Social Sciences, General."
40,13.01,30227,"Education, General."
41,50.04,29751,Design and Applied Arts.
42,51.15,28752,Mental and Social Health Services and Allied Professions.
43,13.03,28016,Curriculum and Instruction.
44,12.05,26139,Culinary Arts and Related Services.
45,50.07,25657,Fine and Studio Arts.
46,14.09,23941,Computer Engineering.
47,45.11,23305,Sociology.
48,52.04,21727,Business Operations Support and Assistant Services.
49,50.06,20184,Film/Video and Photographic Arts.
50,51.23,19717,Rehabilitation and Therapeutic Professions.
51,11.09,19107,Computer Systems Networking and Telecommunications.
52,14.08,17916,Civil Engineering.
53,22.02,17455,Legal Research and Advanced Professional Studies.
54,45.09,16520,International Relations and National Security Studies.
55,49.01,15197,Air Transportation.
56,50.09,14849,Music.
57,11.08,14489,Computer Software and Media Applications.
58,23.01,14462,"English Language and Literature, General."
59,39.06,13914,Theological and Ministerial Studies.
60,26.09,13743,"Physiology, Pathology and Related Sciences."
61,44.04,13181,Public Administration.
62,27.03,12752,Applied Mathematics.
63,38.02,12088,Religion/Religious Studies.
64,52.09,11895,Hospitality Administration/Management.
65,51.11,11628,Health/Medical Preparatory Programs.
66,47.02,11608,"Heating, Air Conditioning, Ventilation and Refrigeration Maintenance Technology/Technician (HAC, HACR, HVAC, HVACR)."
67,14.02,11423,"Aerospace, Aeronautical and Astronautical/Space Engineering."
68,52.07,11324,Entrepreneurial and Small Business Operations.
69,45.04,10843,Criminology.
70,23.13,10419,Rhetoric and Composition/Writing Studies.
71,11.02,10359,Computer Programming.
72,27.01,10332,Mathematics.
73,14.05,10303,Biomedical/Medical Engineering.
74,51.02,9918,Communication Disorders Sciences and Services.
75,43.02,9111,Fire Protection.
76,30.71,8981,Data Analytics.
77,26.15,8867,Neurobiology and Neurosciences.
78,26.04,8572,Cell/Cellular Biology and Anatomical Sciences.
79,15.06,8465,Industrial Production Technologies/Technicians.
80,13.06,8442,"Educational Assessment, Evaluation, and Research."
81,14.35,8434,Industrial Engineering.
82,13.05,8433,Educational/Instructional Media Design.
83,52.12,8238,Management Information Systems and Services.
84,52.99,8150,"Business, Management, Marketing, and Related Support Services, Other."
85,15.05,7903,Environmental Control Technologies/Technicians.
86,27.05,7788,Statistics.
87,30.17,7634,Behavioral Sciences.
88,54.01,7563,History.
89,47.03,7425,Heavy/Industrial Equipment Maintenance Technologies.
90,52.19,7198,"Specialized Sales, Merchandising and Marketing Operations."
91,51.99,6873,"Health Professions and Related Clinical Sciences, Other."
92,52.18,6752,"General Sales, Merchandising and Related Marketing Operations."
93,26.02,6678,"Biochemistry, Biophysics and Molecular Biology."
94,13.11,6636,Student Counseling and Personnel Services.
95,26.13,6555,"Ecology, Evolution, Systematics, and Population Biology."
96,25.01,6512,Library Science and Administration.
97,29.02,6407,"Intelligence, Command Control and Information Operations."
98,47.01,6085,Electrical/Electronics Maintenance and Repair Technology.
99,14.01,6076,"Engineering, General."
100,14.07,5928,Chemical Engineering.
